RecordNumber,AveragePSD,Energy,NormalorNot
100,5.1940682441e-13,37999.85384994327,1
